id,name,radius_mean,texture_mean,perimeter_mean,area_mean,smoothness_mean,compactness_mean,concavity_mean,concave points_mean,symmetry_mean,fractal_dimension_mean,radius_se,texture_se,perimeter_se,area_se,smoothness_se,compactness_se,concavity_se,concave points_se,symmetry_se,fractal_dimension_se,radius_worst,texture_worst,perimeter_worst,area_worst,smoothness_worst,compactness_worst,concavity_worst,concave points_worst,symmetry_worst,fractal_dimension_worst
8653328,Women1,17.95,20.01,114.2,982,0.08402,0.06722,0.07293,0.05596,0.3429,0.05025,0.5506,1.214,3.357,54.04,0.004024,0.008422,0.02291,0.009863,0.05014,0.001902,20.58,27.83,129.2,1261,0.1072,0.1202,0.2249,0.1185,0.4882,0.06111
86935137,Women2,11.41,10.82,73.34,403.3,0.09373,0.06685,0.03512,0.02623,0.1466,0.06113,0.1408,0.4607,1.103,10.5,0.00604,0.01529,0.01514,0.00646,0.01344,0.002206,12.82,15.97,83.74,510.5,0.1548,0.239,0.2102,0.08958,0.3016,0.08523
8236517,Women3,18.66,17.12,121.4,1077,0.1054,0.11,0.1457,0.08665,0.1966,0.06213,0.7128,1.581,4.895,90.47,0.008102,0.02101,0.03342,0.01601,0.02045,0.00457,22.25,24.9,145.4,1549,0.1503,0.2291,0.3272,0.1674,0.2894,0.08456
